Hong Kong,Israel/Palestine,North Korea,Russia,Trump,COVID-19,Date,Total,COVID-not-tagged,Total COVID
6,8,2,15,15,0,2019-12-26,421,0,0
4,12,5,19,7,0,2019-12-27,692,0,0
7,4,4,17,13,0,2019-12-28,583,0,0
7,4,7,8,10,0,2019-12-29,600,0,0
6,6,10,16,25,0,2019-12-30,656,1,1
12,5,4,14,23,0,2019-12-31,653,1,1
13,6,4,3,11,0,2020-01-01,504,3,3
13,15,2,4,11,0,2020-01-02,640,3,3
13,6,2,13,38,0,2020-01-03,665,4,4
11,3,1,9,38,0,2020-01-04,619,1,1
13,10,0,8,84,0,2020-01-05,1000,6,6
5,12,1,7,110,0,2020-01-06,973,5,5
3,12,4,20,95,0,2020-01-07,1010,2,2
4,20,3,13,201,0,2020-01-08,1612,1,1
7,9,2,17,70,0,2020-01-09,1003,8,8
8,13,1,25,48,0,2020-01-10,982,2,2
8,4,2,10,31,0,2020-01-11,1031,3,3
7,7,0,8,30,0,2020-01-12,870,3,3
12,13,0,3,39,0,2020-01-13,946,5,5
9,8,3,16,44,0,2020-01-14,999,10,10
12,11,0,64,43,0,2020-01-15,1024,7,7
10,6,1,24,44,0,2020-01-16,914,17,17
3,2,1,10,28,0,2020-01-17,857,17,17
4,5,2,6,15,0,2020-01-18,746,31,31
15,8,0,7,12,0,2020-01-19,649,8,8
14,8,2,15,21,0,2020-01-20,872,75,75
8,8,1,18,64,0,2020-01-21,1017,127,127
7,12,5,14,48,0,2020-01-22,956,140,140
8,5,2,9,25,0,2020-01-23,1008,213,213
8,7,1,18,42,0,2020-01-24,1010,238,238
12,3,0,6,18,0,2020-01-25,872,296,296
22,8,3,2,28,0,2020-01-26,904,242,242
14,10,6,7,37,0,2020-01-27,989,262,262
16,13,5,6,67,0,2020-01-28,961,251,251
10,10,1,17,70,0,2020-01-29,1006,224,224
8,4,4,19,34,0,2020-01-30,1459,359,359
6,14,1,21,58,0,2020-01-31,1586,356,356
8,19,8,6,36,0,2020-02-01,1222,234,234
4,2,0,1,13,0,2020-02-02,1104,206,206
17,10,0,9,24,0,2020-02-03,1311,236,236
15,10,1,17,26,0,2020-02-04,1336,235,235
15,7,0,21,89,0,2020-02-05,1265,215,215
13,17,3,13,45,0,2020-02-06,1291,250,250
4,5,3,27,57,0,2020-02-07,1169,198,198
6,1,1,6,31,0,2020-02-08,1026,181,181
3,7,1,9,26,0,2020-02-09,940,122,122
15,14,6,17,46,0,2020-02-10,1140,222,222
10,7,8,11,36,0,2020-02-11,1171,198,198
6,18,0,12,30,0,2020-02-12,1076,159,159
10,10,7,14,58,0,2020-02-13,1167,181,181
3,9,8,12,37,0,2020-02-14,1007,134,134
2,5,1,7,23,0,2020-02-15,802,97,97
2,6,0,9,29,0,2020-02-16,890,105,105
12,13,1,9,38,0,2020-02-17,1018,149,149
3,20,0,26,55,0,2020-02-18,1079,159,159
10,10,2,19,80,0,2020-02-19,1089,127,127
5,4,0,16,53,0,2020-02-20,1062,132,132
5,4,0,18,71,0,2020-02-21,1047,161,161
0,2,1,8,13,0,2020-02-22,793,139,139
3,12,0,11,16,0,2020-02-23,749,129,129
4,16,2,7,53,0,2020-02-24,1035,211,211
11,7,0,8,67,0,2020-02-25,1046,247,247
4,13,2,10,52,0,2020-02-26,995,223,223
5,7,0,20,55,0,2020-02-27,1217,342,342
22,10,6,13,38,0,2020-02-28,1178,301,301
11,12,1,21,30,0,2020-02-29,1078,278,278
3,9,1,12,27,0,2020-03-01,969,204,204
3,10,10,18,26,0,2020-03-02,1217,302,302
4,18,1,17,43,0,2020-03-03,1193,307,307
9,24,9,19,29,0,2020-03-04,1176,278,278
8,13,6,24,60,0,2020-03-05,1180,273,273
3,8,3,23,50,0,2020-03-06,1136,263,263
1,7,1,8,27,0,2020-03-07,1031,246,246
6,3,3,22,37,52,2020-03-08,950,200,252
4,20,14,27,54,236,2020-03-09,1298,165,401
4,7,2,37,14,264,2020-03-10,1153,167,431
5,8,0,28,25,376,2020-03-11,1292,151,527
1,2,0,22,70,610,2020-03-12,1654,207,817
2,4,2,11,48,596,2020-03-13,1657,263,859
3,2,0,8,22,340,2020-03-14,1252,266,606
5,8,0,5,21,342,2020-03-15,1257,264,606
1,5,0,9,16,513,2020-03-16,1607,236,749
5,6,0,14,24,502,2020-03-17,1510,262,764
13,7,0,8,32,520,2020-03-18,1574,264,784
2,8,1,11,19,543,2020-03-19,1481,239,782
4,1,4,11,13,434,2020-03-20,1352,233,667
3,3,8,3,12,363,2020-03-21,1155,218,581
1,1,0,5,13,375,2020-03-22,1179,232,607
5,3,0,2,15,433,2020-03-23,1351,237,670
3,2,1,12,29,580,2020-03-24,1660,262,842
